Customer_Level,Miscellaneous,Decorations,Accessories,Toys,Stationery,Electronics,Clothing,Furniture,Kitchenware,Candles
Platinum,0.6239735071421176,0.06716286765077177,0.1003389063895459,0.02792334859991402,0.03798458614804399,0.055201145956352816,0.0027330741519041874,0.006427231279001628,0.1128717234588776,0.009347805783204344
Diamond,0.6311219313072173,0.0815092462529608,0.07072690004251789,0.02588801222444558,0.03873735211601727,0.060302922177614605,0.002956457832744651,0.005837654707408047,0.11918642056430445,0.009936828649506424
Gold,0.6403979877119818,0.07725466738279911,0.07166494545658951,0.021132684515297498,0.04270654768433306,0.05573547446573037,0.003183624354278159,0.005275847497925361,0.1138949762812854,0.012208666444967963
Silver,0.6319557381522904,0.09072208208100041,0.0723106469001929,0.014999694642334067,0.0437689048228543,0.07420903993429268,0.005458700179955033,0.007031901638548759,0.11115177318518674,0.008878033240705723
